SKU;EAN;Descripción;Unidad x Bulto;Precio Unitario (ARS);Precio x Bulto (ARS)
1001;7790580002050;Alfajor Bon o Bon Triple;24;$ 290,00;$ 6.960,00
1002;7790580008016;Alfajor Guaymallén Triple Chocolate;30;$ 270,00;$ 8.100,00
1003;7790580008023;Alfajor Guaymallén Fruta;30;$ 260,00;$ 7.800,00
1004;7790580005013;Alfajor Jorgito;30;$ 250,00;$ 7.500,00
1005;7790580001107;Mantecol Clásico 110g;20;$ 750,00;$ 15.000,00
1006;7790580003019;Chicle Topline Menta;50;$ 120,00;$ 6.000,00
1007;7790580003026;Chicle Topline Frutilla;50;$ 120,00;$ 6.000,00
1008;7790580003033;Chicle Beldent Menta;50;$ 130,00;$ 6.500,00
1009;7790580003040;Chicle Beldent Frutal;50;$ 130,00;$ 6.500,00
1010;7790580003057;Chicle Bubbaloo Tutti Frutti;50;$ 110,00;$ 5.500,00
1011;7790580003064;Chicle Menthoplus;50;$ 100,00;$ 5.000,00
1012;7790580004016;Gomitas Mogul Frutales 500g;12;$ 950,00;$ 11.400,00
1013;7790580004023;Gomitas Mogul Jelly Buttons 1kg;6;$ 1.800,00;$ 10.800,00
1014;7790580004030;Gomitas Fini Ositos Ácidos 90g;20;$ 320,00;$ 6.400,00
1015;7790580004047;Gomitas Fini Serpientes 90g;20;$ 320,00;$ 6.400,00
1016;7790580004054;Gomitas Georgalos Frutales 500g;12;$ 880,00;$ 10.560,00
1017;7790580004061;Gomitas Trolli Mix 100g;20;$ 310,00;$ 6.200,00
1018;7790580004078;Gomitas Trolli Ácidas 100g;20;$ 310,00;$ 6.200,00
1019;7790580004085;Gomitas Trolli Ositos 100g;20;$ 310,00;$ 6.200,00
1020;7790580004092;Gomitas Trolli Serpientes 100g;20;$ 310,00;$ 6.200,00
1021;7790580004108;Chupetín Pico Dulce x unidad;100;$ 65,00;$ 6.500,00
1022;7790580004115;Chupetín Pico Dulce Relleno;100;$ 75,00;$ 7.500,00
1023;7790580004122;Chupetín Lheritier Frutal;100;$ 60,00;$ 6.000,00
1024;7790580004139;Chupetín Lheritier Ácido;100;$ 65,00;$ 6.500,00
1025;7790580004146;Chupetín Arcor Frutal;100;$ 58,00;$ 5.800,00
1026;7790580004153;Chupetín Arcor Relleno;100;$ 68,00;$ 6.800,00
1027;7790580004160;Chupetín Fini Mix;100;$ 70,00;$ 7.000,00
1028;7790580004177;Chupetín Fini Ácido;100;$ 72,00;$ 7.200,00
1029;7790580004184;Chupetín Fini Relleno;100;$ 75,00;$ 7.500,00
1030;7790580004191;Alfajor Milka Oreo;20;$ 390,00;$ 7.800,00
1031;7790580004207;Alfajor Milka Mousse;20;$ 390,00;$ 7.800,00
1032;7790580004214;Alfajor Milka Dulce de Leche;20;$ 390,00;$ 7.800,00
1033;7790580004221;Alfajor Fantoche Triple Negro;30;$ 280,00;$ 8.400,00
1034;7790580004238;Alfajor Fantoche Triple Blanco;30;$ 280,00;$ 8.400,00
1035;7790580004245;Alfajor Fantoche Frutal;30;$ 270,00;$ 8.100,00
1036;7790580004252;Alfajor Fantoche Mousse;30;$ 270,00;$ 8.100,00
1037;7790580004269;Alfajor Terrabusi Negro;30;$ 260,00;$ 7.800,00
1038;7790580004276;Alfajor Terrabusi Blanco;30;$ 260,00;$ 7.800,00
1039;7790580004283;Alfajor Terrabusi Frutal;30;$ 250,00;$ 7.500,00
1040;7790580004290;Alfajor Terrabusi Mousse;30;$ 250,00;$ 7.500,00
1041;7790580004306;Alfajor Águila Negro;20;$ 420,00;$ 8.400,00
1042;7790580004313;Alfajor Águila Blanco;20;$ 420,00;$ 8.400,00
1043;7790580004320;Alfajor Águila Frutal;20;$ 410,00;$ 8.200,00
1044;7790580004337;Alfajor Águila Mousse;20;$ 410,00;$ 8.200,00
1045;7790580004344;Alfajor Cofler Negro;20;$ 400,00;$ 8.000,00
1046;7790580004351;Alfajor Cofler Blanco;20;$ 400,00;$ 8.000,00
1047;7790580004368;Alfajor Cofler Frutal;20;$ 390,00;$ 7.800,00
1048;7790580004375;Alfajor Cofler Mousse;20;$ 390,00;$ 7.800,00
1049;7790580004382;Alfajor Bon o Bon Blanco;24;$ 290,00;$ 6.960,00
1050;7790580004399;Alfajor Bon o Bon Frutal;24;$ 290,00;$ 6.960,00
1051;7790580004405;Chocolate Milka Oreo 100g;20;$ 480,00;$ 9.600,00
1052;7790580004412;Chocolate Milka Almendras 100g;20;$ 480,00;$ 9.600,00
1053;7790580004429;Chocolate Milka Mousse 100g;20;$ 480,00;$ 9.600,00
1054;7790580004436;Chocolate Cofler Block 100g;20;$ 470,00;$ 9.400,00
1055;7790580004443;Chocolate Cofler Almendras 100g;20;$ 470,00;$ 9.400,00
1056;7790580004450;Chocolate Cofler Blanco 100g;20;$ 470,00;$ 9.400,00
1057;7790580004467;Chocolate Águila Negro 100g;20;$ 490,00;$ 9.800,00
1058;7790580004474;Chocolate Águila con Leche 100g;20;$ 490,00;$ 9.800,00
1059;7790580004481;Chocolate Águila Almendras 100g;20;$ 490,00;$ 9.800,00
1060;7790580004498;Chocolate Bon o Bon Tableta 100g;20;$ 460,00;$ 9.200,00
1061;7790580004504;Chocolate Bon o Bon Blanco 100g;20;$ 460,00;$ 9.200,00
1062;7790580004511;Chocolate Bon o Bon Frutal 100g;20;$ 460,00;$ 9.200,00
1063;7790580004528;Bombón Bon o Bon x unidad;50;$ 110,00;$ 5.500,00
1064;7790580004535;Bombón Cofler x unidad;50;$ 120,00;$ 6.000,00
1065;7790580004542;Bombón Águila x unidad;50;$ 130,00;$ 6.500,00
1066;7790580004559;Bombón Milka x unidad;50;$ 140,00;$ 7.000,00
1067;7790580004566;Turrón Arcor x unidad;50;$ 180,00;$ 9.000,00
1068;7790580004573;Turrón Georgalos x unidad;50;$ 170,00;$ 8.500,00
1069;7790580004580;Turrón Lheritier x unidad;50;$ 160,00;$ 8.000,00
1070;7790580004597;Caramelos Sugus Bolsa 700g;6;$ 1.200,00;$ 7.200,00
1071;7790580004603;Caramelos Arcor Frutales Bolsa 700g;6;$ 1.150,00;$ 6.900,00
1072;7790580004610;Caramelos Pico Dulce Bolsa 700g;6;$ 1.180,00;$ 7.080,00
1073;7790580004627;Caramelos Fini Mix Bolsa 700g;6;$ 1.220,00;$ 7.320,00
1074;7790580004634;Caramelos Lheritier Frutales Bolsa 700g;6;$ 1.170,00;$ 7.020,00
1075;7790580004641;Caramelos Media Hora Bolsa 700g;6;$ 1.100,00;$ 6.600,00
1076;7790580004658;Caramelos Menthoplus Bolsa 700g;6;$ 1.250,00;$ 7.500,00
1077;7790580004665;Caramelos Butter Toffees Bolsa 700g;6;$ 1.300,00;$ 7.800,00
1078;7790580004672;Caramelos Mogul Ácidos Bolsa 700g;6;$ 1.220,00;$ 7.320,00
1079;7790580004689;Caramelos Mogul Frutales Bolsa 700g;6;$ 1.220,00;$ 7.320,00
1080;7790580004696;Combo Bombones x 10 unidades;1;$ 1.200,00;$ 1.200,00
1081;7790580004702;Combo Barras de Cereal x 10 unidades;1;$ 1.800,00;$ 1.800,00
1082;7790580004719;Combo Caramelos x 100 unidades;1;$ 3.500,00;$ 3.500,00
1083;7790580004726;Combo Mix Dulce x 20 unidades;1;$ 2.800,00;$ 2.800,00
1084;7790580004733;Combo Mix Dulce x 50 unidades;1;$ 7.000,00;$ 7.000,00
1085;7790580004740;Combo Mix Dulce x 100 unidades;1;$ 14.000,00;$ 14.000,00
1086;7790580004757;Combo Mix Dulce + Bebida x 10 unidades;1;$ 3.200,00;$ 3.200,00
1087;7790580004764;Combo Mix Dulce + Bebida x 20 unidades;1;$ 6.400,00;$ 6.400,00
1088;7790580004771;Combo Mix Dulce + Bebida x 50 unidades;1;$ 16.000,00;$ 16.000,00
1089;7790580004788;Combo Mix Dulce + Bebida x 100 unidades;1;$ 32.000,00;$ 32.000,00
1090;7790580004795;Combo Institucional Golosinas x 100 unidades;1;$ 15.000,00;$ 15.000,00
1091;7790580004801;Combo Institucional Snacks x 100 unidades;1;$ 16.000,00;$ 16.000,00
1092;7790580004818;Combo Institucional Bebidas x 100 unidades;1;$ 17.000,00;$ 17.000,00
1093;7790580004825;Combo Institucional Mix x 100 unidades;1;$ 18.000,00;$ 18.000,00
1094;7790580004832;Combo Institucional Mix + Bebidas x 100 unidades;1;$ 20.000,00;$ 20.000,00
1095;7790580004849;Combo Institucional Premium x 100 unidades;1;$ 25.000,00;$ 25.000,00
1096;7790580004856;Combo Institucional Premium + Bebidas x 100 unidades;1;$ 28.000,00;$ 28.000,00
1097;7790580004863;Combo Institucional Escolar x 100 unidades;1;$ 14.000,00;$ 14.000,00
1098;7790580004870;Combo Institucional Escolar + Bebidas x 100 unidades;1;$ 16.000,00;$ 16.000,00
1099;7790580004887;Combo Institucional Escolar + Snacks x 100 unidades;1;$ 17.000,00;$ 17.000,00
1100;7790580004894;Combo Institucional Escolar + Mix x 100 unidades;1;$ 18.000,00;$ 18.000,00
1101;7790580011010;Palitos Pehuamar Clásicos 100g;20;$ 320,00;$ 6.400,00
1102;7790580011027;Palitos Pehuamar Queso 100g;20;$ 330,00;$ 6.600,00
1103;7790580011034;Palitos Georgalos Salados 100g;20;$ 310,00;$ 6.200,00
1104;7790580011041;Palitos Georgalos Queso 100g;20;$ 320,00;$ 6.400,00
1105;7790580011058;Palitos Maní King Salados 100g;20;$ 340,00;$ 6.800,00
1106;7790580011065;Palitos Maní King Queso 100g;20;$ 350,00;$ 7.000,00
1107;7790580011072;Palitos Lays Salados 100g;20;$ 360,00;$ 7.200,00
1108;7790580011089;Palitos Lays Queso 100g;20;$ 370,00;$ 7.400,00
1109;7790580011096;Chizitos Cheetos Tradicional 90g;20;$ 330,00;$ 6.600,00
1110;7790580011102;Chizitos Cheetos Queso 90g;20;$ 340,00;$ 6.800,00
1111;7790580011119;Chizitos Pehuamar Tradicional 90g;20;$ 320,00;$ 6.400,00
1112;7790580011126;Chizitos Pehuamar Queso 90g;20;$ 330,00;$ 6.600,00
1113;7790580011133;Chizitos Georgalos Tradicional 90g;20;$ 310,00;$ 6.200,00
1114;7790580011140;Chizitos Georgalos Queso 90g;20;$ 320,00;$ 6.400,00
1115;7790580011157;Papas Pringles Original 104g;14;$ 1.100,00;$ 15.400,00
1116;7790580011164;Papas Pringles Crema y Cebolla 104g;14;$ 1.150,00;$ 16.100,00
1117;7790580011171;Papas Pringles Queso 104g;14;$ 1.150,00;$ 16.100,00
1118;7790580011188;Papas Lays Clásicas 90g;20;$ 420,00;$ 8.400,00
1119;7790580011195;Papas Lays Jamón 90g;20;$ 430,00;$ 8.600,00
1120;7790580011201;Papas Lays Queso 90g;20;$ 430,00;$ 8.600,00
1121;7790580011218;Papas Pehuamar Clásicas 90g;20;$ 400,00;$ 8.000,00
1122;7790580011225;Papas Pehuamar Jamón 90g;20;$ 410,00;$ 8.200,00
1123;7790580011232;Papas Pehuamar Queso 90g;20;$ 410,00;$ 8.200,00
1124;7790580011249;Galletitas Express Saladas 170g;20;$ 640,00;$ 12.800,00
1125;7790580011256;Galletitas Melba Saladas 170g;20;$ 640,00;$ 12.800,00
1126;7790580011263;Galletitas Saladix Original 170g;20;$ 660,00;$ 13.200,00
1127;7790580011270;Galletitas Saladix Queso 170g;20;$ 670,00;$ 13.400,00
1128;7790580011287;Galletitas Traviata Clásicas 170g;20;$ 650,00;$ 13.000,00
1129;7790580011294;Galletitas Traviata Queso 170g;20;$ 660,00;$ 13.200,00
1130;7790580011300;Maní King Salado 100g;20;$ 360,00;$ 7.200,00
1131;7790580011317;Maní King Japonés 100g;20;$ 370,00;$ 7.400,00
1132;7790580011324;Maní Georgalos Salado 100g;20;$ 350,00;$ 7.000,00
1133;7790580011331;Maní Georgalos Japonés 100g;20;$ 360,00;$ 7.200,00
1134;7790580011348;Maní Arcor Salado 100g;20;$ 340,00;$ 6.800,00
1135;7790580011355;Maní Arcor Japonés 100g;20;$ 350,00;$ 7.000,00
1136;7790580011362;Palitos Mix Georgalos 100g;20;$ 330,00;$ 6.600,00
1137;7790580011379;Palitos Mix Pehuamar 100g;20;$ 340,00;$ 6.800,00
1138;7790580011386;Palitos Mix Maní King 100g;20;$ 350,00;$ 7.000,00
1139;7790580011393;Palitos Mix Lays 100g;20;$ 360,00;$ 7.200,00
1140;7790580011409;Chizitos Mix Georgalos 90g;20;$ 320,00;$ 6.400,00
1141;7790580011416;Chizitos Mix Pehuamar 90g;20;$ 330,00;$ 6.600,00
1142;7790580011423;Chizitos Mix Cheetos 90g;20;$ 340,00;$ 6.800,00
1143;7790580011430;Papas Mix Pringles 104g;14;$ 1.150,00;$ 16.100,00
1144;7790580011447;Papas Mix Lays 90g;20;$ 430,00;$ 8.600,00
1145;7790580011454;Papas Mix Pehuamar 90g;20;$ 410,00;$ 8.200,00
1146;7790580011461;Galletitas Mix Saladix 170g;20;$ 670,00;$ 13.400,00
1147;7790580011478;Galletitas Mix Traviata 170g;20;$ 660,00;$ 13.200,00
1148;7790580011485;Galletitas Mix Express 170g;20;$ 640,00;$ 12.800,00
1149;7790580011492;Galletitas Mix Melba 170g;20;$ 640,00;$ 12.800,00
1150;7790580011508;Maní Mix King 100g;20;$ 370,00;$ 7.400,00
1151;7790580011515;Maní Mix Georgalos 100g;20;$ 360,00;$ 7.200,00
1152;7790580011522;Maní Mix Arcor 100g;20;$ 350,00;$ 7.000,00
1153;7790580011539;Palitos Mix Queso Georgalos 100g;20;$ 330,00;$ 6.600,00
1154;7790580011546;Palitos Mix Queso Pehuamar 100g;20;$ 340,00;$ 6.800,00
1155;7790580011553;Palitos Mix Queso Maní King 100g;20;$ 350,00;$ 7.000,00
1156;7790580011560;Palitos Mix Queso Lays 100g;20;$ 360,00;$ 7.200,00
1157;7790580011577;Chizitos Mix Queso Georgalos 90g;20;$ 320,00;$ 6.400,00
1158;7790580011584;Chizitos Mix Queso Pehuamar 90g;20;$ 330,00;$ 6.600,00
1159;7790580011591;Chizitos Mix Queso Cheetos 90g;20;$ 340,00;$ 6.800,00
1160;7790580011607;Papas Mix Queso Pringles 104g;14;$ 1.150,00;$ 16.100,00
1161;7790580011614;Papas Mix Queso Lays 90g;20;$ 430,00;$ 8.600,00
1162;7790580011621;Papas Mix Queso Pehuamar 90g;20;$ 410,00;$ 8.200,00
1163;7790580011638;Galletitas Mix Queso Saladix 170g;20;$ 670,00;$ 13.400,00
1164;7790580011645;Galletitas Mix Queso Traviata 170g;20;$ 660,00;$ 13.200,00
1165;7790580011652;Galletitas Mix Queso Express 170g;20;$ 640,00;$ 12.800,00
1166;7790580011669;Galletitas Mix Queso Melba 170g;20;$ 640,00;$ 12.800,00
1167;7790580011676;Maní Mix Queso King 100g;20;$ 370,00;$ 7.400,00
1168;7790580011683;Maní Mix Queso Georgalos 100g;20;$ 360,00;$ 7.200,00
1169;7790580011690;Maní Mix Queso Arcor 100g;20;$ 350,00;$ 7.000,00
1170;7790580011706;Combo Snacks Salados x 5 unidades;1;$ 1.650,00;$ 1.650,00
1171;7790580011713;Combo Snacks Salados x 10 unidades;1;$ 3.300,00;$ 3.300,00
1172;7790580011720;Combo Snacks Salados x 20 unidades;1;$ 6.600,00;$ 6.600,00
1173;7790580011737;Combo Snacks Salados Mix x 5 unidades;1;$ 1.700,00;$ 1.700,00
1174;7790580011744;Combo Snacks Salados Mix x 10 unidades;1;$ 3.400,00;$ 3.400,00
1175;7790580011751;Combo Snacks Salados Mix x 20 unidades;1;$ 6.800,00;$ 6.800,00
1176;7790580011768;Combo Snacks Salados + Bebidas x 10 unidades;1;$ 4.200,00;$ 4.200,00
1177;7790580011775;Combo Snacks Salados + Bebidas x 20 unidades;1;$ 8.400,00;$ 8.400,00
1178;7790580011782;Combo Snacks Salados + Bebidas x 50 unidades;1;$ 21.000,00;$ 21.000,00
1179;7790580011799;Combo Snacks Salados + Bebidas x 100 unidades;1;$ 42.000,00;$ 42.000,00
1180;7790580011805;Combo Snacks + Dulces x 10 unidades;1;$ 3.900,00;$ 3.900,00
1181;7790580011812;Combo Snacks + Dulces x 20 unidades;1;$ 7.800,00;$ 7.800,00
1182;7790580011829;Combo Snacks + Dulces x 50 unidades;1;$ 19.500,00;$ 19.500,00
1183;7790580011836;Combo Snacks + Dulces x 100 unidades;1;$ 39.000,00;$ 39.000,00
1184;7790580011843;Combo Snacks + Dulces + Bebidas x 10 unidades;1;$ 5.100,00;$ 5.100,00
1185;7790580011850;Combo Snacks + Dulces + Bebidas x 20 unidades;1;$ 10.200,00;$ 10.200,00
1186;7790580011867;Combo Snacks + Dulces + Bebidas x 50 unidades;1;$ 25.500,00;$ 25.500,00
1187;7790580011874;Combo Snacks + Dulces + Bebidas x 100 unidades;1;$ 51.000,00;$ 51.000,00
1188;7790580011881;Combo Institucional Snacks + Dulces x 100 unidades;1;$ 36.000,00;$ 36.000,00
1189;7790580011898;Combo Institucional Snacks + Dulces + Bebidas x 100 unidades;1;$ 48.000,00;$ 48.000,00
1190;7790580011904;Combo Institucional Escolar Snacks x 100 unidades;1;$ 34.000,00;$ 34.000,00
1191;7790580011911;Combo Institucional Escolar Snacks + Dulces x 100 unidades;1;$ 38.000,00;$ 38.000,00
1192;7790580011928;Combo Institucional Escolar Snacks + Dulces + Bebidas x 100 unidades;1;$ 42.000,00;$ 42.000,00
1193;7790580011935;Combo Institucional Escolar Snacks + Dulces + Bebidas + Útiles x 100 unidades;1;$ 48.000,00;$ 48.000,00
1194;7790580011942;Combo Institucional Escolar Completo x 100 unidades;1;$ 50.000,00;$ 50.000,00
1195;7790580011959;Combo Institucional Escolar Completo + Mochila x 100 unidades;1;$ 54.000,00;$ 54.000,00
1196;7790580011966;Combo Institucional Escolar Premium x 100 unidades;1;$ 58.000,00;$ 58.000,00
1197;7790580011973;Combo Institucional Escolar Premium + Mochila x 100 unidades;1;$ 62.000,00;$ 62.000,00
1198;7790580011980;Combo Institucional Escolar Premium + Útiles x 100 unidades;1;$ 60.000,00;$ 60.000,00
1199;7790580011997;Combo Institucional Escolar Premium + Útiles + Mochila x 100 unidades;1;$ 64.000,00;$ 64.000,00
1200;7790580012000;Combo Institucional Escolar Premium Completo x 100 unidades;1;$ 66.000,00;$ 66.000,00
1201;7790580022010;Coca-Cola 500ml PET;12;$ 650,00;$ 7.800,00
1202;7790580022027;Coca-Cola 1.5L PET;6;$ 1.100,00;$ 6.600,00
1203;7790580022034;Coca-Cola 2.25L PET;6;$ 1.450,00;$ 8.700,00
1204;7790580022041;Pepsi 500ml PET;12;$ 630,00;$ 7.560,00
1205;7790580022058;Pepsi 1.5L PET;6;$ 1.050,00;$ 6.300,00
1206;7790580022065;Pepsi 2.25L PET;6;$ 1.400,00;$ 8.400,00
1207;7790580022072;Fanta 500ml PET;12;$ 640,00;$ 7.680,00
1208;7790580022089;Fanta 1.5L PET;6;$ 1.080,00;$ 6.480,00
1209;7790580022096;Fanta 2.25L PET;6;$ 1.420,00;$ 8.520,00
1210;7790580022102;Sprite 500ml PET;12;$ 630,00;$ 7.560,00
1211;7790580022119;Sprite 1.5L PET;6;$ 1.060,00;$ 6.360,00
1212;7790580022126;Sprite 2.25L PET;6;$ 1.410,00;$ 8.460,00
1213;7790580022133;7Up 500ml PET;12;$ 620,00;$ 7.440,00
1214;7790580022140;7Up 1.5L PET;6;$ 1.040,00;$ 6.240,00
1215;7790580022157;7Up 2.25L PET;6;$ 1.390,00;$ 8.340,00
1216;7790580022164;Cunnington Cola 500ml PET;12;$ 520,00;$ 6.240,00
1217;7790580022171;Cunnington Pomelo 500ml PET;12;$ 520,00;$ 6.240,00
1218;7790580022188;Cunnington Tónica 500ml PET;12;$ 520,00;$ 6.240,00
1219;7790580022195;Cunnington Cola 2.25L PET;6;$ 1.250,00;$ 7.500,00
1220;7790580022201;Cunnington Pomelo 2.25L PET;6;$ 1.250,00;$ 7.500,00
1221;7790580022218;Cunnington Tónica 2.25L PET;6;$ 1.250,00;$ 7.500,00
1222;7790580022225;Jugo Baggio Multifruta 1L;12;$ 580,00;$ 6.960,00
1223;7790580022232;Jugo Baggio Durazno 1L;12;$ 580,00;$ 6.960,00
1224;7790580022249;Jugo Baggio Naranja 1L;12;$ 580,00;$ 6.960,00
1225;7790580022256;Jugo Cepita Manzana 1L;12;$ 590,00;$ 7.080,00
1226;7790580022263;Jugo Cepita Durazno 1L;12;$ 590,00;$ 7.080,00
1227;7790580022270;Jugo Cepita Multifruta 1L;12;$ 590,00;$ 7.080,00
1228;7790580022287;Jugo Levité Manzana 1.5L;6;$ 720,00;$ 4.320,00
1229;7790580022294;Jugo Levité Durazno 1.5L;6;$ 720,00;$ 4.320,00
1230;7790580022300;Jugo Levité Multifruta 1.5L;6;$ 720,00;$ 4.320,00
1231;7790580022317;Agua Villavicencio sin gas 500ml;12;$ 520,00;$ 6.240,00
1232;7790580022324;Agua Villavicencio con gas 500ml;12;$ 520,00;$ 6.240,00
1233;7790580022331;Agua Eco de los Andes sin gas 500ml;12;$ 510,00;$ 6.120,00
1234;7790580022348;Agua Eco de los Andes con gas 500ml;12;$ 510,00;$ 6.120,00
1235;7790580022355;Agua Glaciar sin gas 500ml;12;$ 500,00;$ 6.000,00
1236;7790580022362;Agua Glaciar con gas 500ml;12;$ 500,00;$ 6.000,00
1237;7790580022379;Speed Energy Drink 250ml;24;$ 390,00;$ 9.360,00
1238;7790580022386;Speed Energy Drink 500ml;12;$ 650,00;$ 7.800,00
1239;7790580022393;Red Bull 250ml;24;$ 480,00;$ 11.520,00
1240;7790580022409;Red Bull 473ml;12;$ 780,00;$ 9.360,00
1241;7790580022416;Monster Energy 473ml;12;$ 750,00;$ 9.000,00
1242;7790580022423;Vive Energy Drink 500ml;12;$ 620,00;$ 7.440,00
1243;7790580022430;Chocolatada Cindor 200ml;24;$ 340,00;$ 8.160,00
1244;7790580022447;Chocolatada Cindor 500ml;12;$ 650,00;$ 7.800,00
1245;7790580022454;Chocolatada Ilolay 200ml;24;$ 330,00;$ 7.920,00
1246;7790580022461;Chocolatada Ilolay 500ml;12;$ 640,00;$ 7.680,00
1247;7790580022478;Leche La Serenísima Entera 1L;12;$ 720,00;$ 8.640,00
1248;7790580022485;Leche La Serenísima Descremada 1L;12;$ 720,00;$ 8.640,00
1249;7790580022492;Leche Ilolay Entera 1L;12;$ 710,00;$ 8.520,00
1250;7790580022508;Leche Ilolay Descremada 1L;12;$ 710,00;$ 8.520,00
1251;7790580022515;Leche Ilolay Sin Lactosa 1L;12;$ 730,00;$ 8.760,00
1252;7790580022522;Leche La Serenísima Sin Lactosa 1L;12;$ 740,00;$ 8.880,00
1253;7790580022539;Leche La Serenísima Chocolatada 1L;12;$ 760,00;$ 9.120,00
1254;7790580022546;Leche Ilolay Chocolatada 1L;12;$ 750,00;$ 9.000,00
1255;7790580022553;Leche La Serenísima con Café 1L;12;$ 770,00;$ 9.240,00
1256;7790580022560;Leche Ilolay con Café 1L;12;$ 760,00;$ 9.120,00
1257;7790580022577;Jugo Baggio Manzana 1L;12;$ 580,00;$ 6.960,00
1258;7790580022584;Jugo Baggio Pomelo 1L;12;$ 580,00;$ 6.960,00
1259;7790580022591;Jugo Cepita Naranja 1L;12;$ 590,00;$ 7.080,00
1260;7790580022607;Jugo Cepita Pomelo 1L;12;$ 590,00;$ 7.080,00
1261;7790580022614;Jugo Levité Pomelo 1.5L;6;$ 720,00;$ 4.320,00
1262;7790580022621;Jugo Levité Naranja 1.5L;6;$ 720,00;$ 4.320,00
1263;7790580022638;Agua Villavicencio sin gas 2L;6;$ 720,00;$ 4.320,00
1264;7790580022645;Agua Villavicencio con gas 2L;6;$ 720,00;$ 4.320,00
1265;7790580022652;Agua Eco de los Andes sin gas 2L;6;$ 710,00;$ 4.260,00
1266;7790580022669;Agua Eco de los Andes con gas 2L;6;$ 710,00;$ 4.260,00
1267;7790580022676;Agua Glaciar sin gas 2L;6;$ 700,00;$ 4.200,00
1268;7790580022683;Agua Glaciar con gas 2L;6;$ 700,00;$ 4.200,00
1269;7790580022690;Speed Energy Drink 1L;6;$ 1.250,00;$ 7.500,00
1270;7790580022706;Red Bull 1L;6;$ 1.350,00;$ 8.100,00
1271;7790580022713;Monster Energy 1L;6;$ 1.300,00;$ 7.800,00
1272;7790580022720;Vive Energy Drink 1L;6;$ 1.200,00;$ 7.200,00
1273;7790580022737;Cunnington Energy 500ml;12;$ 580,00;$ 6.960,00
1274;7790580022744;Cunnington Energy 1L;6;$ 1.100,00;$ 6.600,00
1275;7790580022751;Cunnington Cola 1.5L PET;6;$ 950,00;$ 5.700,00
1276;7790580022768;Cunnington Pomelo 1.5L PET;6;$ 950,00;$ 5.700,00
1277;7790580022775;Cunnington Tónica 1.5L PET;6;$ 950,00;$ 5.700,00
1278;7790580022782;Coca-Cola Sin Azúcar 500ml PET;12;$ 650,00;$ 7.800,00
1279;7790580022799;Coca-Cola Sin Azúcar 1.5L PET;6;$ 1.100,00;$ 6.600,00
1280;7790580022805;Coca-Cola Sin Azúcar 2.25L PET;6;$ 1.450,00;$ 8.700,00
1281;7790580022812;Pepsi Black 500ml PET;12;$ 630,00;$ 7.560,00
1282;7790580022829;Pepsi Black 1.5L PET;6;$ 1.050,00;$ 6.300,00
1283;7790580022836;Pepsi Black 2.25L PET;6;$ 1.400,00;$ 8.400,00
1284;7790580022843;Fanta Sin Azúcar 500ml PET;12;$ 640,00;$ 7.680,00
1285;7790580022850;Fanta Sin Azúcar 1.5L PET;6;$ 1.080,00;$ 6.480,00
1286;7790580022867;Fanta Sin Azúcar 2.25L PET;6;$ 1.420,00;$ 8.520,00
1287;7790580022874;Sprite Sin Azúcar 500ml PET;12;$ 630,00;$ 7.560,00
1288;7790580022881;Sprite Sin Azúcar 1.5L PET;6;$ 1.060,00;$ 6.360,00
1289;7790580022898;Sprite Sin Azúcar 2.25L PET;6;$ 1.410,00;$ 8.460,00
1290;7790580022904;7Up Sin Azúcar 500ml PET;12;$ 620,00;$ 7.440,00
1291;7790580022911;7Up Sin Azúcar 1.5L PET;6;$ 1.040,00;$ 6.240,00
1292;7790580022928;7Up Sin Azúcar 2.25L PET;6;$ 1.390,00;$ 8.340,00
1293;7790580022935;Cunnington Cola Sin Azúcar 500ml PET;12;$ 520,00;$ 6.240,00
1294;7790580022942;Cunnington Pomelo Sin Azúcar 500ml PET;12;$ 520,00;$ 6.240,00
1295;7790580022959;Cunnington Tónica Sin Azúcar 500ml PET;12;$ 520,00;$ 6.240,00
1296;7790580022966;Cunnington Cola Sin Azúcar 2.25L PET;6;$ 1.250,00;$ 7.500,00
1297;7790580022973;Cunnington Pomelo Sin Azúcar 2.25L PET;6;$ 1.250,00;$ 7.500,00
1298;7790580022980;Cunnington Tónica Sin Azúcar 2.25L PET;6;$ 1.250,00;$ 7.500,00
1299;7790580022997;Cunnington Mix x 6 sabores 500ml;1;$ 3.120,00;$ 3.120,00
1300;7790580023000;Cunnington Mix x 6 sabores 2.25L;1;$ 7.500,00;$ 7.500,00
1301;7790580033010;Vino Toro Tinto 1L;12;$ 720,00;$ 8.640,00
1302;7790580033027;Vino Toro Blanco 1L;12;$ 720,00;$ 8.640,00
1303;7790580033034;Vino Termidor Tinto 1L;12;$ 690,00;$ 8.280,00
1304;7790580033041;Vino Termidor Blanco 1L;12;$ 690,00;$ 8.280,00
1305;7790580033058;Vino Uvita Tinto 1L;12;$ 670,00;$ 8.040,00
1306;7790580033065;Vino Uvita Blanco 1L;12;$ 670,00;$ 8.040,00
1307;7790580033072;Vino Santa Julia Malbec 750ml;6;$ 1.450,00;$ 8.700,00
1308;7790580033089;Vino Santa Julia Cabernet 750ml;6;$ 1.450,00;$ 8.700,00
1309;7790580033096;Vino Santa Julia Blanco Dulce 750ml;6;$ 1.450,00;$ 8.700,00
1310;7790580033102;Vodka Skyy 750ml;6;$ 2.900,00;$ 17.400,00
1311;7790580033119;Vodka Smirnoff 750ml;6;$ 2.800,00;$ 16.800,00
1312;7790580033126;Vodka Sernova 750ml;6;$ 2.700,00;$ 16.200,00
1313;7790580033133;Vodka Marimari 750ml;6;$ 2.600,00;$ 15.600,00
1314;7790580033140;Vodka Skyy Citrus 750ml;6;$ 2.950,00;$ 17.700,00
1315;7790580033157;Vodka Smirnoff Manzana 750ml;6;$ 2.850,00;$ 17.100,00
1316;7790580033164;Vodka Sernova Frutilla 750ml;6;$ 2.750,00;$ 16.500,00
1317;7790580033171;Vodka Marimari Durazno 750ml;6;$ 2.650,00;$ 15.900,00
1318;7790580033188;Gancia Clásico 950ml;6;$ 1.850,00;$ 11.100,00
1319;7790580033195;Gancia Frutos Rojos 950ml;6;$ 1.900,00;$ 11.400,00
1320;7790580033201;Gancia Pomelo 950ml;6;$ 1.900,00;$ 11.400,00
1321;7790580033218;Gancia Citrus 950ml;6;$ 1.900,00;$ 11.400,00
1322;7790580033225;Fernet Branca 750ml;6;$ 3.200,00;$ 19.200,00
1323;7790580033232;Fernet Branca Menta 750ml;6;$ 3.250,00;$ 19.500,00
1324;7790580033249;Cinzano Rosso 950ml;6;$ 2.100,00;$ 12.600,00
1325;7790580033256;Cinzano Bianco 950ml;6;$ 2.100,00;$ 12.600,00
1326;7790580033263;Campari 750ml;6;$ 3.100,00;$ 18.600,00
1327;7790580033270;Campari Citrus 750ml;6;$ 3.150,00;$ 18.900,00
1328;7790580033287;Speed con Vodka 473ml;12;$ 780,00;$ 9.360,00
1329;7790580033294;Speed con Vodka 1L;6;$ 1.250,00;$ 7.500,00
1330;7790580033300;Speed con Vodka Frutilla 473ml;12;$ 780,00;$ 9.360,00
1331;7790580033317;Speed con Vodka Frutilla 1L;6;$ 1.250,00;$ 7.500,00
1332;7790580033324;Cerveza Quilmes Cristal 1L;6;$ 950,00;$ 5.700,00
1333;7790580033331;Cerveza Quilmes Stout 1L;6;$ 980,00;$ 5.880,00
1334;7790580033348;Cerveza Brahma Chopp 1L;6;$ 940,00;$ 5.640,00
1335;7790580033355;Cerveza Brahma Dorada 1L;6;$ 960,00;$ 5.760,00
1336;7790580033362;Cerveza Andes Rubia 1L;6;$ 970,00;$ 5.820,00
1337;7790580033379;Cerveza Andes Roja 1L;6;$ 970,00;$ 5.820,00
1338;7790580033386;Cerveza Stella Artois 1L;6;$ 1.150,00;$ 6.900,00
1339;7790580033393;Cerveza Stella Artois 710ml;6;$ 980,00;$ 5.880,00
1340;7790580033409;Cerveza Quilmes Cristal 473ml lata;24;$ 480,00;$ 11.520,00
1341;7790580033416;Cerveza Quilmes Stout 473ml lata;24;$ 490,00;$ 11.760,00
1342;7790580033423;Cerveza Brahma Chopp 473ml lata;24;$ 470,00;$ 11.280,00
1343;7790580033430;Cerveza Brahma Dorada 473ml lata;24;$ 480,00;$ 11.520,00
1344;7790580033447;Cerveza Andes Rubia 473ml lata;24;$ 490,00;$ 11.760,00
1345;7790580033454;Cerveza Andes Roja 473ml lata;24;$ 490,00;$ 11.760,00
1346;7790580033461;Cerveza Stella Artois 473ml lata;24;$ 520,00;$ 12.480,00
1347;7790580033478;Cerveza Stella Artois 710ml vidrio;6;$ 980,00;$ 5.880,00
1348;7790580033485;Combo Gancia + Speed 1L;1;$ 2.100,00;$ 2.100,00
1349;7790580033492;Combo Fernet + Coca 2.25L;1;$ 4.600,00;$ 4.600,00
1350;7790580033508;Combo Vodka + Speed 473ml;1;$ 2.000,00;$ 2.000,00
1351;7790580033514;Combo Vodka + Speed Frutilla 473ml;1;$ 2.050,00;$ 2.050,00
1352;7790580033521;Combo Gancia + Speed Frutilla 1L;1;$ 2.150,00;$ 2.150,00
1353;7790580033538;Combo Fernet + Cunnington 2.25L;1;$ 4.400,00;$ 4.400,00
1354;7790580033545;Combo Campari + Sprite 1.5L;1;$ 4.300,00;$ 4.300,00
1355;7790580033552;Combo Cinzano + Soda;1;$ 3.900,00;$ 3.900,00
1356;7790580033569;Cerveza Patagonia Amber Lager 740ml;6;$ 980,00;$ 5.880,00
1357;7790580033576;Cerveza Patagonia Weisse 740ml;6;$ 980,00;$ 5.880,00
1358;7790580033583;Cerveza Patagonia Bohemian Pilsener 740ml;6;$ 980,00;$ 5.880,00
1359;7790580033590;Cerveza Patagonia IPA 740ml;6;$ 980,00;$ 5.880,00
1360;7790580033606;Cerveza Schneider Rubia 1L;6;$ 920,00;$ 5.520,00
1361;7790580033613;Cerveza Schneider Negra 1L;6;$ 940,00;$ 5.640,00
1362;7790580033620;Cerveza Schneider Rubia 473ml lata;24;$ 470,00;$ 11.280,00
1363;7790580033637;Cerveza Schneider Negra 473ml lata;24;$ 480,00;$ 11.520,00
1364;7790580033644;Cerveza Salta Rubia 1L;6;$ 910,00;$ 5.460,00
1365;7790580033651;Cerveza Salta Negra 1L;6;$ 930,00;$ 5.580,00
1366;7790580033668;Cerveza Salta Rubia 473ml lata;24;$ 460,00;$ 11.040,00
1367;7790580033675;Cerveza Salta Negra 473ml lata;24;$ 470,00;$ 11.280,00
1368;7790580033682;Cerveza Andes IPA 473ml lata;24;$ 490,00;$ 11.760,00
1369;7790580033699;Cerveza Andes Honey 473ml lata;24;$ 490,00;$ 11.760,00
1370;7790580033705;Cerveza Stella Artois Noire 710ml;6;$ 990,00;$ 5.940,00
1371;7790580033712;Cerveza Stella Artois Noire 473ml lata;24;$ 530,00;$ 12.720,00
1372;7790580033729;Cerveza Quilmes IPA 473ml lata;24;$ 480,00;$ 11.520,00
1373;7790580033736;Cerveza Quilmes Red Lager 473ml lata;24;$ 480,00;$ 11.520,00
1374;7790580033743;Cerveza Brahma Golden 473ml lata;24;$ 470,00;$ 11.280,00
1375;7790580033750;Cerveza Brahma Lime 473ml lata;24;$ 470,00;$ 11.280,00
1376;7790580033767;Cerveza Andes Mix x 6 latas;1;$ 2.940,00;$ 2.940,00
1377;7790580033774;Cerveza Quilmes Mix x 6 latas;1;$ 2.880,00;$ 2.880,00
1378;7790580033781;Cerveza Brahma Mix x 6 latas;1;$ 2.820,00;$ 2.820,00
1379;7790580033798;Cerveza Stella Mix x 6 latas;1;$ 3.180,00;$ 3.180,00
1380;7790580033804;Combo 3 vinos + 3 cervezas;1;$ 4.200,00;$ 4.200,00
1381;7790580033811;Combo 3 vodkas + 3 energizantes;1;$ 5.400,00;$ 5.400,00
1382;7790580033828;Combo 3 aperitivos + 3 gaseosas;1;$ 4.800,00;$ 4.800,00
1383;7790580033835;Combo institucional bebidas x 12;1;$ 7.200,00;$ 7.200,00
1384;7790580033842;Combo institucional bebidas x 24;1;$ 14.400,00;$ 14.400,00
1385;7790580033859;Combo institucional bebidas x 48;1;$ 28.800,00;$ 28.800,00
1386;7790580033866;Combo institucional bebidas + snacks x 24;1;$ 16.800,00;$ 16.800,00
1387;7790580033873;Combo institucional bebidas + dulces x 24;1;$ 17.400,00;$ 17.400,00
1388;7790580033880;Combo institucional bebidas + dulces + snacks x 24;1;$ 18.600,00;$ 18.600,00
1389;7790580033897;Combo institucional premium bebidas x 24;1;$ 19.800,00;$ 19.800,00
1390;7790580033903;Combo institucional premium bebidas + dulces x 24;1;$ 21.000,00;$ 21.000,00
1391;7790580033910;Combo institucional premium bebidas + dulces + snacks x 24;1;$ 22.500,00;$ 22.500,00
1392;7790580033927;Combo institucional escolar bebidas x 24;1;$ 15.600,00;$ 15.600,00
1393;7790580033934;Combo institucional escolar bebidas + dulces x 24;1;$ 16.800,00;$ 16.800,00
1394;7790580033941;Combo institucional escolar bebidas + dulces + snacks x 24;1;$ 18.000,00;$ 18.000,00
1395;7790580033958;Combo institucional escolar bebidas + dulces + snacks + útiles x 24;1;$ 19.800,00;$ 19.800,00
1396;7790580033965;Combo institucional escolar bebidas + útiles x 24;1;$ 17.400,00;$ 17.400,00
1397;7790580033972;Combo institucional escolar bebidas + útiles + dulces x 24;1;$ 18.600,00;$ 18.600,00
1398;7790580033989;Combo institucional escolar bebidas + útiles + dulces + snacks x 24;1;$ 19.800,00;$ 19.800,00
1399;7790580033996;Combo institucional escolar completo x 24;1;$ 21.000,00;$ 21.000,00
1400;7790580034009;Combo institucional escolar completo + mochila x 24;1;$ 23.000,00;$ 23.000,00
1401;7790580044010;Bombón Bon o Bon x unidad;50;$ 110,00;$ 5.500,00
1402;7790580044027;Bombón Cofler x unidad;50;$ 120,00;$ 6.000,00
1403;7790580044034;Bombón Águila x unidad;50;$ 130,00;$ 6.500,00
1404;7790580044041;Bombón Milka x unidad;50;$ 140,00;$ 7.000,00
1405;7790580044058;Bombón Ferrero Rocher x unidad;48;$ 250,00;$ 12.000,00
1406;7790580044065;Bombón Ferrero Collection x unidad;48;$ 270,00;$ 12.960,00
1407;7790580044072;Bombón Arcor x unidad;50;$ 115,00;$ 5.750,00
1408;7790580044089;Bombón Georgalos x unidad;50;$ 110,00;$ 5.500,00
1409;7790580044096;Bombón Lheritier x unidad;50;$ 115,00;$ 5.750,00
1410;7790580044102;Barra de cereal Arcor Frutal;24;$ 180,00;$ 4.320,00
1411;7790580044119;Barra de cereal Arcor Chocolate;24;$ 180,00;$ 4.320,00
1412;7790580044126;Barra de cereal Arcor Yogur;24;$ 180,00;$ 4.320,00
1413;7790580044133;Barra de cereal Cereal Mix Frutal;24;$ 190,00;$ 4.560,00
1414;7790580044140;Barra de cereal Cereal Mix Chocolate;24;$ 190,00;$ 4.560,00
1415;7790580044157;Barra de cereal Cereal Mix Yogur;24;$ 190,00;$ 4.560,00
1416;7790580044164;Barra de cereal Ilolay Frutal;24;$ 185,00;$ 4.440,00
1417;7790580044171;Barra de cereal Ilolay Chocolate;24;$ 185,00;$ 4.440,00
1418;7790580044188;Barra de cereal Ilolay Yogur;24;$ 185,00;$ 4.440,00
1419;7790580044195;Caramelos Sugus Frutales x unidad;100;$ 35,00;$ 3.500,00
1420;7790580044201;Caramelos Arcor Frutales x unidad;100;$ 32,00;$ 3.200,00
1421;7790580044218;Caramelos Pico Dulce x unidad;100;$ 34,00;$ 3.400,00
1422;7790580044225;Caramelos Fini Mix x unidad;100;$ 36,00;$ 3.600,00
1423;7790580044232;Caramelos Lheritier Frutales x unidad;100;$ 33,00;$ 3.300,00
1424;7790580044249;Caramelos Media Hora x unidad;100;$ 30,00;$ 3.000,00
1425;7790580044256;Caramelos Menthoplus x unidad;100;$ 38,00;$ 3.800,00
1426;7790580044263;Caramelos Butter Toffees x unidad;100;$ 40,00;$ 4.000,00
1427;7790580044270;Caramelos Mogul Ácidos x unidad;100;$ 36,00;$ 3.600,00
1428;7790580044287;Caramelos Mogul Frutales x unidad;100;$ 36,00;$ 3.600,00
1429;7790580044294;Combo Bombones x 10 unidades;1;$ 1.200,00;$ 1.200,00
1430;7790580044300;Combo Barras de Cereal x 10 unidades;1;$ 1.800,00;$ 1.800,00
1431;7790580044317;Combo Caramelos x 100 unidades;1;$ 3.500,00;$ 3.500,00
1432;7790580044324;Combo Mix Dulce x 20 unidades;1;$ 2.800,00;$ 2.800,00
1433;7790580044331;Combo Mix Dulce x 50 unidades;1;$ 7.000,00;$ 7.000,00
1434;7790580044348;Combo Mix Dulce x 100 unidades;1;$ 14.000,00;$ 14.000,00
1435;7790580044355;Combo Mix Dulce + Bebida x 10 unidades;1;$ 3.200,00;$ 3.200,00
1436;7790580044362;Combo Mix Dulce + Bebida x 20 unidades;1;$ 6.400,00;$ 6.400,00
1437;7790580044379;Combo Mix Dulce + Bebida x 50 unidades;1;$ 16.000,00;$ 16.000,00
1438;7790580044386;Combo Mix Dulce + Bebida x 100 unidades;1;$ 32.000,00;$ 32.000,00
1439;7790580044393;Combo Institucional Golosinas x 100 unidades;1;$ 15.000,00;$ 15.000,00
1440;7790580044409;Combo Institucional Snacks x 100 unidades;1;$ 16.000,00;$ 16.000,00
1441;7790580044416;Combo Institucional Bebidas x 100 unidades;1;$ 17.000,00;$ 17.000,00
1442;7790580044423;Combo Institucional Mix x 100 unidades;1;$ 18.000,00;$ 18.000,00
1443;7790580044430;Combo Institucional Mix + Bebidas x 100 unidades;1;$ 20.000,00;$ 20.000,00
1444;7790580044447;Combo Institucional Premium x 100 unidades;1;$ 25.000,00;$ 25.000,00
1445;7790580044454;Combo Institucional Premium + Bebidas x 100 unidades;1;$ 28.000,00;$ 28.000,00
1446;7790580044461;Combo Institucional Escolar x 100 unidades;1;$ 14.000,00;$ 14.000,00
1447;7790580044478;Combo Institucional Escolar + Bebidas x 100 unidades;1;$ 16.000,00;$ 16.000,00
1448;7790580044485;Combo Institucional Escolar + Snacks x 100 unidades;1;$ 17.000,00;$ 17.000,00
1449;7790580044492;Combo Institucional Escolar + Mix x 100 unidades;1;$ 18.000,00;$ 18.000,00
1450;7790580044508;Combo Institucional Escolar + Mix + Bebidas x 100 unidades;1;$ 20.000,00;$ 20.000,00
1451;7790580044515;Combo Escolar Mix + Útiles x 100 unidades;1;$ 22.000,00;$ 22.000,00
1452;7790580044522;Combo Escolar Mix + Útiles + Mochila x 100 unidades;1;$ 24.000,00;$ 24.000,00
1453;7790580044539;Combo Escolar Premium Mix x 100 unidades;1;$ 26.000,00;$ 26.000,00
1454;7790580044546;Combo Escolar Premium Mix + Mochila x 100 unidades;1;$ 28.000,00;$ 28.000,00
1455;7790580044553;Combo Escolar Premium Mix + Útiles x 100 unidades;1;$ 27.000,00;$ 27.000,00
1456;7790580044560;Combo Escolar Premium Mix + Útiles + Mochila x 100 unidades;1;$ 29.000,00;$ 29.000,00
1457;7790580044577;Combo Escolar Completo x 100 unidades;1;$ 30.000,00;$ 30.000,00
1458;7790580044584;Combo Escolar Completo + Mochila x 100 unidades;1;$ 32.000,00;$ 32.000,00
1459;7790580044591;Combo Escolar Completo + Útiles x 100 unidades;1;$ 31.000,00;$ 31.000,00
1460;7790580044607;Combo Escolar Completo + Útiles + Mochila x 100 unidades;1;$ 33.000,00;$ 33.000,00
1461;7790580044614;Combo Escolar Ultra x 100 unidades;1;$ 34.000,00;$ 34.000,00
1462;7790580044621;Combo Escolar Ultra + Mochila x 100 unidades;1;$ 36.000,00;$ 36.000,00
1463;7790580044638;Combo Escolar Ultra + Útiles x 100 unidades;1;$ 35.000,00;$ 35.000,00
1464;7790580044645;Combo Escolar Ultra + Útiles + Mochila x 100 unidades;1;$ 37.000,00;$ 37.000,00
1465;7790580044652;Combo Escolar Ultra Completo x 100 unidades;1;$ 38.000,00;$ 38.000,00
1466;7790580044669;Combo Escolar Ultra Completo + Mochila x 100 unidades;1;$ 40.000,00;$ 40.000,00
1467;7790580044676;Combo Escolar Ultra Completo + Útiles x 100 unidades;1;$ 39.000,00;$ 39.000,00
1468;7790580044683;Combo Escolar Ultra Completo + Útiles + Mochila x 100 unidades;1;$ 41.000,00;$ 41.000,00
1469;7790580044690;Combo Escolar Máximo x 100 unidades;1;$ 42.000,00;$ 42.000,00
1470;7790580044706;Combo Escolar Máximo + Mochila x 100 unidades;1;$ 44.000,00;$ 44.000,00
1471;7790580044713;Combo Escolar Máximo + Útiles x 100 unidades;1;$ 43.000,00;$ 43.000,00
1472;7790580044720;Combo Escolar Máximo + Útiles + Mochila x 100 unidades;1;$ 45.000,00;$ 45.000,00
1473;7790580044737;Combo Escolar Máximo Completo x 100 unidades;1;$ 46.000,00;$ 46.000,00
1474;7790580044744;Combo Escolar Máximo Completo + Mochila x 100 unidades;1;$ 48.000,00;$ 48.000,00
1475;7790580044751;Combo Escolar Máximo Completo + Útiles x 100 unidades;1;$ 47.000,00;$ 47.000,00
1476;7790580044768;Combo Escolar Máximo Completo + Útiles + Mochila x 100 unidades;1;$ 49.000,00;$ 49.000,00
1477;7790580044775;Combo Escolar Total x 100 unidades;1;$ 50.000,00;$ 50.000,00
1478;7790580044782;Combo Escolar Total + Mochila x 100 unidades;1;$ 52.000,00;$ 52.000,00
1479;7790580044799;Combo Escolar Total + Útiles x 100 unidades;1;$ 51.000,00;$ 51.000,00
1480;7790580044805;Combo Escolar Total + Útiles + Mochila x 100 unidades;1;$ 53.000,00;$ 53.000,00
1481;7790580044812;Combo Escolar Total Completo x 100 unidades;1;$ 54.000,00;$ 54.000,00
1482;7790580044829;Combo Escolar Total Completo + Mochila x 100 unidades;1;$ 56.000,00;$ 56.000,00
1483;7790580044836;Combo Escolar Total Completo + Útiles x 100 unidades;1;$ 55.000,00;$ 55.000,00
1484;7790580044843;Combo Escolar Total Completo + Útiles + Mochila x 100 unidades;1;$ 57.000,00;$ 57.000,00
1485;7790580044850;Combo Escolar Supremo x 100 unidades;1;$ 58.000,00;$ 58.000,00
1486;7790580044867;Combo Escolar Supremo + Mochila x 100 unidades;1;$ 60.000,00;$ 60.000,00
1487;7790580044874;Combo Escolar Supremo + Útiles x 100 unidades;1;$ 59.000,00;$ 59.000,00
1488;7790580044881;Combo Escolar Supremo + Útiles + Mochila x 100 unidades;1;$ 61.000,00;$ 61.000,00
1489;7790580044898;Combo Escolar Supremo Completo x 100 unidades;1;$ 62.000,00;$ 62.000,00
1490;7790580044904;Combo Escolar Supremo Completo + Mochila x 100 unidades;1;$ 64.000,00;$ 64.000,00
1491;7790580044911;Combo Escolar Supremo Completo + Útiles x 100 unidades;1;$ 63.000,00;$ 63.000,00
1492;7790580044928;Combo Escolar Supremo Completo + Útiles + Mochila x 100 unidades;1;$ 65.000,00;$ 65.000,00
1493;7790580044935;Combo Escolar Final x 100 unidades;1;$ 66.000,00;$ 66.000,00
1494;7790580044942;Combo Escolar Final + Mochila x 100 unidades;1;$ 68.000,00;$ 68.000,00
1495;7790580044959;Combo Escolar Final + Útiles x 100 unidades;1;$ 67.000,00;$ 67.000,00
1496;7790580044966;Combo Escolar Final + Útiles + Mochila x 100 unidades;1;$ 69.000,00;$ 69.000,00
1497;7790580044973;Combo Escolar Final Completo x 100 unidades;1;$ 70.000,00;$ 70.000,00
1498;7790580044980;Combo Escolar Final Completo + Mochila x 100 unidades;1;$ 72.000,00;$ 72.000,00
1499;7790580044997;Combo Escolar Final Completo + Útiles x 100 unidades;1;$ 71.000,00;$ 71.000,00
1500;7790580045000;Combo Escolar Final Completo + Útiles + Mochila x 100 unidades;1;$ 73.000,00;$ 73.000,00
